{"bc4f0942-98e8-485d-8712-86c3a6d95d77":{"MaxX":300.0,"MaxY":550.0,"Type":building,"MinX":0.0,"MinY":350.0},"15d852c0-2162-4923-a86c-fefe6b7ff68c":{"Type":protestor_neutral,"X":527.4494447957322,"Y":425.98151785425677},"798ca6ad-90f4-4167-8b88-48747f869ad6":{"Type":protestor_panic,"X":101.21531412259677,"Y":350.0},"8514c043-2a5f-4136-8b46-e190e81109d7":{"Type":protestor_neutral,"X":486.294862558765,"Y":424.749700429196},"d86faa3e-5aa7-41a5-92ab-f4bb0bd25988":{"Type":protestor_neutral,"X":967.7694272413164,"Y":367.5170338082521},"487314c8-b58d-4ef5-855e-9318e6e11e25":{"Type":protestor_neutral,"X":329.3844424304786,"Y":99.8259955613115},"eb643a96-7f8d-4d99-acb4-72b901d5056c":{"MaxX":1000.0,"MaxY":575.0,"Type":building,"MinX":750.0,"MinY":375.0},"1c44bddd-b643-46b7-a158-411579c5cc84":{"Type":crs,"X":425.0,"Y":600.0},"91e7bac8-ade5-4e0e-a08e-5ad505c0a874":{"Type":protestor_neutral,"X":474.2275504158031,"Y":526.0285151456115},"e83b1376-d8c6-4a10-b60f-2f70d0c7b6c9":{"Type":protestor_neutral,"X":350.4990141553989,"Y":99.11818937806805},"feb3ebfe-4088-46e4-a686-b8f27d791b9e":{"Type":protestor_neutral,"X":929.7806302393352,"Y":358.07194164273955},"35ee88ac-c7a7-4d7b-9981-ff9f6cf2e03b":{"Type":protestor_agg,"X":383.5408412021697,"Y":525.394192088727},"3df6e3cc-282c-49b1-bc47-1c71135b2b2c":{"MaxX":600.0,"MaxY":300.0,"Type":building,"MinX":400.0,"MinY":0.0},"6d62f46d-2e0c-4e06-8e4f-dc15a7fc5a7d":{"Type":protestor_neutral,"X":380.59243411785815,"Y":475.75129982029006},"6246cdb6-18ba-46da-a1a1-8f72e85cb68d":{"Type":protestor_agg,"X":390.196944130921,"Y":424.4841610096246},"93643dff-d521-4806-ae3a-6251da49c6ed":{"Type":protestor_neutral,"X":625.6874198580202,"Y":476.1605733932409},"62fc3750-2b70-4f31-b1da-e584b8873638":{"Type":protestor_agg,"X":636.0396071046217,"Y":575.4262171695614},"8148f4f1-0540-4d63-b4e9-7ed66a876f92":{"Type":protestor_neutral,"X":343.4184977665485,"Y":99.39534727968613},"fc57356e-2581-4211-b2e4-83a98f6a4089":{"Type":protestor_panic,"X":625.6255253862362,"Y":426.08809890679726},"42d2c43f-5f40-4fbc-acbd-710a34750e17":{"Type":protestor_panic,"X":432.0087878813571,"Y":475.61363643719744},"d3d682bc-2a94-47bb-a560-9787ba89c487":{"Type":protestor_neutral,"X":572.3801731664465,"Y":476.00513654484047},"59f7c936-6649-4f57-b6b1-1b2102a84053":{"Type":protestor_neutral,"X":537.8818972390791,"Y":524.0976197045284},"5bade460-9ce4-4fb5-951a-189ebffeb652":{"Type":protestor_neutral,"X":915.2221624554801,"Y":352.2916692315619},"8bad1dd5-6b78-4793-ad94-9c81cad3bbcf":{"Type":protestor_neutral,"X":532.3886491342696,"Y":475.46131207826414},"ca784c70-60af-49b7-86a5-ac26eb7bc464":{"Type":protestor_neutral,"X":947.2841402477773,"Y":363.4226223344766},"a540e2c5-c2d3-4d3e-b397-f9d8f8d712c6":{"MaxX":1000.0,"MaxY":300.0,"Type":building,"MinX":700.0,"MinY":0.0},"1b6b77a1-e475-4706-a06f-d70134683967":{"MaxX":425.0,"MaxY":1000.0,"Type":building,"MinX":350.0,"MinY":700.0},"7c4c319d-c372-49f5-abf0-9c9f14efa03b":{"Type":protestor_panic,"X":400.60838371835194,"Y":621.5380020526483},"ec516c5b-49eb-4ab8-9d47-45b8ca39b86c":{"Type":protestor_neutral,"X":493.1969495165833,"Y":473.9914252311056},"8ce5b561-6324-4a62-8171-769e0021df68":{"MaxX":300.0,"MaxY":300.0,"Type":building,"MinX":0.0,"MinY":0.0},"2d4eb16e-3efd-49c1-9e5e-461e9e366d9b":{"MaxX":550.0,"MaxY":1000.0,"Type":building,"MinX":475.0,"MinY":700.0},"1db26feb-4ca8-496b-87cc-cc03e442acb2":{"Type":protestor_neutral,"X":520.5424664213065,"Y":575.92175803881},"672b0c14-112c-42d3-9251-b4e9dc927d28":{"MaxX":300.0,"MaxY":1000.0,"Type":building,"MinX":0.0,"MinY":700.0},"deb94a28-6862-4a75-b947-097ac35747f6":{"MaxX":300.0,"MaxY":650.0,"Type":building,"MinX":0.0,"MinY":600.0},"02e2f037-3c58-4bfb-962b-115c679a7e7c":{"MaxX":1000.0,"MaxY":1000.0,"Type":building,"MinX":700.0,"MinY":650.0},"a24a1626-4014-4a97-8480-003eebfd9249":{"Type":protestor_neutral,"X":581.275188846557,"Y":525.4176267613793},"cb7bf319-b245-411f-8ecd-82445bcaa4b6":{"Type":protestor_agg,"X":427.4739723252732,"Y":526.0553359032517},"ed04f2b8-1992-4182-8529-b6d130d5aabe":{"Type":protestor_neutral,"X":561.1704867683197,"Y":424.824536665407},"36ab770b-f0de-483f-8861-ec60b9d814be":{"Type":protestor_neutral,"X":67.72600052212692,"Y":350.0},"c6351978-0862-4cf1-856b-9eabd576b5ce":{"Type":protestor_neutral,"X":407.1775841314795,"Y":566.0142458073376},"d1cf97da-58e1-4990-93b3-d8eaa1cb956b":{"Type":protestor_panic,"X":574.5669391482197,"Y":576.1404211766932},"cc8bd30a-21fb-4ea9-8b53-f162766d84e1":{"Type":protestor_neutral,"X":134.09792300831896,"Y":340.70190502761415},"73163d9b-22a5-4667-bbfa-d27835d89e64":{"Type":protestor_neutral,"X":336.37222311576744,"Y":99.6298406019863},"28c3375e-66f4-4be2-b0be-faeeac550381":{"MaxX":525.0,"MaxY":725.0,"Type":destroyable,"MinX":450.0,"MinY":700.0},"b096430e-ac90-409d-bece-c447b4651798":{"Type":crs,"X":475.0,"Y":600.0},"f9f033b0-e476-4a59-aebd-9c48e089909b":{"Type":protestor_neutral,"X":481.9942101927993,"Y":575.5324178835193},"4cde1eb8-d2c6-4fee-94d7-17f10efe8487":{"Type":protestor_neutral,"X":991.3440423841921,"Y":369.16843137083436},"884d7f69-97c2-431c-b5ff-dbac8d8d1179":{"Type":protestor_neutral,"X":357.51197906849785,"Y":98.81637777966132},"54736ed8-6a65-4381-bc5d-81d12b160359":{"Type":crs,"X":500.0,"Y":500.0},"18f21b72-11a0-4739-bef9-68ef9c8fa68a":{"Type":protestor_neutral,"X":34.985211239457236,"Y":342.2196031278307},"66a0385c-9dce-4db1-b2f6-970c4e3b4bf0":{"MaxX":325.0,"MaxY":675.0,"Type":destroyable,"MinX":300.0,"MinY":600.0},"5634f275-7223-4629-abaa-af39ceca3be5":{"Type":protestor_neutral,"X":440.00327115930327,"Y":423.40583737437464},"7288dec9-20b8-402e-81b5-ddbb269dac57":{"Type":protestor_neutral,"X":631.9982993322051,"Y":525.516685841015},"0520e312-ec76-48d6-96cf-2144d6cebc93":{"Type":protestor_neutral,"X":120.7994115616093,"Y":327.4442813307402}}