{"81bb356a-027a-48be-a157-fd03aeac3d8f":{"Type":"protestor_panic","X":711.4044102657656,"Y":139.98638738185483},"5065a40e-ebf6-48c4-8afa-91cfa1cda653":{"Type":"protestor_panic","X":747.0558661361899,"Y":58.66935673742044},"b701e872-26f5-4e79-b64b-2da38e61b3df":{"MaxX":250,"MaxY":1000,"Type":"building","MinX":0,"MinY":700},"f17c603a-d0ba-4177-b85c-e0c0aca698c5":{"Type":"protestor_panic","X":254.8253276316132,"Y":41.68261562502747},"74d82f08-cebb-4304-90ea-522b384f484f":{"Type":"protestor_panic","X":632.2282059177132,"Y":15.729926205710763},"8b28e285-539b-4e55-940b-a58ca2fcbbf0":{"MaxX":995,"MaxY":1000,"Type":"building","MinX":0,"MinY":995},"9e397e10-80e6-44f5-b725-c7abac56af97":{"Type":"protestor_panic","X":186.15292598838076,"Y":325.7738830744038},"f3b4c443-1002-4a27-9266-63e455bb0f71":{"Type":"protestor_neutral","X":432.5639632905812,"Y":625.5714590453398},"6affb62d-1331-497b-8270-0820d18ef99c":{"Type":"protestor_panic","X":693.0981814008999,"Y":33.94835657096745},"8f3da4c0-7481-41d1-b489-c79acc6114d9":{"MaxX":1000,"MaxY":1000,"Type":"building","MinX":995,"MinY":0},"9a90c05b-590d-42f6-acd1-8ef89cce751d":{"Type":"protestor_neutral","X":713.6924492110793,"Y":329.7079749621971},"438e735d-8322-4005-8796-cfde558a123d":{"Type":"crs","X":355.41305419779394,"Y":677.2523044664055},"36f54141-0a62-4991-8da4-7a2454cc21c2":{"Type":"protestor_panic","X":568.3238983900757,"Y":34.89157114454056},"c578bcfa-1599-4afc-8405-47d742c54d9b":{"Type":"protestor_panic","X":498.9633118815965,"Y":350.27468721779536},"367ba20b-004c-4539-87f2-087ed9112dfd":{"Type":"protestor_neutral","X":540.0816489703542,"Y":647.0695187730098},"82a3d385-0d32-4795-aaa0-41e292a9b4ec":{"Type":"crs","X":615.509198172455,"Y":400.6369331307124},"e7dcca56-56d9-4246-97eb-14be3ba3259d":{"Type":"protestor_neutral","X":286.67505043347353,"Y":660.6578058142643},"32813d96-4068-44db-8714-cab06c844fa7":{"Type":"protestor_panic","X":703.4358609250199,"Y":13.246304347881514},"05e2111f-df04-49fb-a745-82696e7301fc":{"MaxX":5,"MaxY":1000,"Type":"building","MinX":0,"MinY":0},"25d0ea3e-7374-4092-92ec-b33458fcf224":{"MaxX":100,"MaxY":650,"Type":"destroyable","MinX":75,"MinY":625},"694bc0ea-889b-4d8f-909a-bab33be32d8c":{"MaxX":75,"MaxY":450,"Type":"building","MinX":0,"MinY":350},"a67074ef-786a-4476-a121-6d1d9aeef092":{"Type":"crs","X":355.413070103716,"Y":677.3031898938177},"afe46839-5821-4024-8823-ed8b17c77ed7":{"Type":"protestor_neutral","X":151.98596545793245,"Y":116.49074076118805},"54a70af0-c0a1-4dfb-b941-191c7547e72f":{"Type":"protestor_panic","X":717.1232108294222,"Y":97.92061876347866},"55de4a2c-e418-4ce2-b8f3-4dd20a3ae7bd":{"Type":"protestor_panic","X":205.3286200459054,"Y":64.40122894322525},"75b8645f-3db4-4529-a955-23ec99fd9ade":{"Type":"protestor_panic","X":668.527990348061,"Y":81.78434775998826},"d189eb44-81d3-48b3-8ad3-ed89df6bf103":{"MaxX":650,"MaxY":300,"Type":"building","MinX":400,"MinY":50},"a4a20adb-21f4-4cf7-9445-adfffe96ed04":{"Type":"protestor_neutral","X":349.4921579642293,"Y":944.8653414718382},"20e33807-3123-4987-9815-c0a89051869e":{"MaxX":1000,"MaxY":1000,"Type":"building","MinX":450,"MinY":700},"e9fb65d1-149e-4dd5-8adc-6f773f2c9c7e":{"Type":"crs","X":165.20864551242454,"Y":542.1042781943756},"068fd5d4-4d27-4994-ad68-700de9f71f34":{"Type":"crs","X":355.4130564286732,"Y":677.0662712303299},"dff83a49-4860-41f7-8e9e-21207b332502":{"Type":"protestor_neutral","X":319.8623837756119,"Y":363.4789612006762},"6a9d57fe-d401-457e-ad96-643f93f929a9":{"MaxX":1000,"MaxY":600,"Type":"building","MinX":700,"MinY":350},"8e73c48e-0aa7-4916-ad32-72edb4cc1db9":{"Type":"protestor_panic","X":512.8419372253929,"Y":14.976952636374653},"7c6cac70-40e8-426f-9036-b09ed5c18955":{"Type":"crs","X":270.2535892881733,"Y":353.4143362583017},"3da61225-2836-4a44-b0da-7e0ec0796c15":{"Type":"protestor_panic","X":313.7313446115322,"Y":619.4743938344719},"4332fc5e-b03e-41df-ab25-de0514171eeb":{"Type":"protestor_panic","X":216.56686039648386,"Y":137.6293851329623},"7a326114-f10d-4870-a7c7-4f45184a97e2":{"Type":"protestor_panic","X":607.2067968589189,"Y":11.215912286598815},"d6abbcfd-13bb-4200-8d74-02556cfc463b":{"Type":"protestor_panic","X":401.52756907540913,"Y":631.9995700625667},"94f462a9-d4de-400a-8bb9-bc30bab2d43d":{"Type":"protestor_neutral","X":188.06856455498462,"Y":86.5565894254748},"e98b0f04-6195-4a39-9b7d-deac10961f14":{"Type":"protestor_panic","X":268.16884693354336,"Y":427.9581876018328},"293d5f24-f6ec-4129-ab0a-9aa4d8e79e1c":{"Type":"protestor_neutral","X":390.31878620769993,"Y":608.6827670884297},"c11e2070-e7f6-464a-b2ce-b49810434703":{"MaxX":1000,"MaxY":5,"Type":"building","MinX":0,"MinY":0},"ff379100-e8ef-452b-b30b-0145d33e47a2":{"Type":"protestor_panic","X":449.24904642420915,"Y":19.77270434914126},"6a6d6994-0f33-41ad-ab0e-f50f943a0a9f":{"Type":"protestor_neutral","X":465.04931330251077,"Y":667.4492021885426},"7fd10a6b-c157-4e4c-9dec-b46618e0169f":{"Type":"protestor_neutral","X":734.5641210271325,"Y":294.0280607454959}}