{"5e8054be-9edd-4a96-bde7-32cea68a6898":{"Type":protestor_neutral,"X":306.5469975006425,"Y":349.0543274164359},"526ca74e-44e4-4714-b768-89fc5f9f6af7":{"Type":protestor_neutral,"X":622.0539789119971,"Y":707.9786667852063},"db40efaa-7896-4a5b-a199-36b3c77c56c0":{"Type":protestor_neutral,"X":585.6384173474768,"Y":597.5236424932913},"f3d32d4b-70eb-4aec-85fe-f4e6f4eed907":{"Type":protestor_neutral,"X":759.3872375151653,"Y":362.63768337221904},"960db3c2-0df0-423b-a089-89d07a3e0578":{"Type":protestor_panic,"X":513.0750265529992,"Y":610.0902404973386},"9ac9fb22-9a5a-4abf-8464-fddfa9287b4f":{"MaxX":300.0,"MaxY":300.0,"Type":building,"MinX":0.0,"MinY":0.0},"42facbad-0b2e-4966-ae03-8124c19a7c1b":{"Type":protestor_neutral,"X":516.5139323872061,"Y":653.237774756885},"5141684d-d173-4330-89e3-8c9bdc5189ac":{"Type":crs,"X":475.0,"Y":600.0},"0c8430e5-a550-4256-aabc-d330474fbad8":{"Type":protestor_neutral,"X":548.2899621985397,"Y":644.0470560369155},"413f41a7-3815-4df2-8a18-0cff52754ee5":{"Type":protestor_neutral,"X":420.322715362875,"Y":633.1015715591632},"4ef2d1f3-1f68-45ce-ab22-56caa597d459":{"Type":protestor_agg,"X":630.8908945086218,"Y":616.1352064284981},"0ccb6182-660d-4c19-9019-c5ab3ce8c628":{"Type":protestor_neutral,"X":400.9197866884353,"Y":651.6119679375719},"bc9f8dcf-8195-438e-86ff-c42b8a5d53c0":{"Type":protestor_agg,"X":343.3938085761459,"Y":290.823431420665},"001787d3-3f96-4009-8256-b4428c532576":{"Type":protestor_neutral,"X":618.9949250836369,"Y":730.5740028692531},"fa401ed7-3a30-4de7-8d77-5ae0e77e2d8b":{"MaxX":550.0,"MaxY":1000.0,"Type":building,"MinX":475.0,"MinY":700.0},"86e49f21-5e58-403d-8aff-797cdb15fecd":{"Type":protestor_neutral,"X":364.53497715497093,"Y":289.7823190384516},"a49270f9-223b-4cd2-96b8-f44c238cdfe2":{"MaxX":1000.0,"MaxY":300.0,"Type":building,"MinX":700.0,"MinY":0.0},"0d5bff1c-db28-4d8f-a155-48593aba5cf8":{"MaxX":300.0,"MaxY":650.0,"Type":building,"MinX":0.0,"MinY":600.0},"5a5d807d-d441-4b49-9f2f-7490516d4dbe":{"Type":protestor_neutral,"X":590.4384748489081,"Y":616.2674929180342},"90ec20a6-78a1-4ea1-a436-9ac12430348e":{"Type":protestor_neutral,"X":409.0886543163553,"Y":643.1730296376423},"7536da62-524c-4f74-8b20-2d66f226b735":{"Type":protestor_neutral,"X":259.9181852905964,"Y":350.0},"b6696d01-9253-4365-8077-7c4d2e4c5cb3":{"MaxX":600.0,"MaxY":300.0,"Type":building,"MinX":400.0,"MinY":0.0},"495bdde9-e25a-49b0-b25c-2daff14a2fed":{"Type":protestor_neutral,"X":779.5277719841694,"Y":373.2683211861988},"33b999cf-6460-457c-ba73-84508ece0855":{"Type":protestor_neutral,"X":624.2752977083651,"Y":666.0470793824469},"2cc7f213-2489-435a-8cf2-b595bef5db38":{"Type":protestor_neutral,"X":278.59711451861256,"Y":350.0},"7a429987-db8b-4b11-99a4-2ca73e5ceb0f":{"Type":protestor_neutral,"X":408.41297746161615,"Y":613.392102905843},"f1492acd-6825-444e-858f-83848065eec7":{"Type":protestor_neutral,"X":729.3218663351346,"Y":373.17593649256656},"b90b9ffc-5170-48d5-b51b-72d2e77d9199":{"Type":protestor_neutral,"X":470.9381951256147,"Y":637.3732640630973},"eef3d343-49e1-47b0-a951-579664cf1df7":{"Type":protestor_neutral,"X":621.2821311981808,"Y":759.9737946340415},"4494b75b-0986-43bc-9026-abc441ec556c":{"Type":protestor_neutral,"X":741.2033629318513,"Y":355.640488250142},"70345fb6-2ecc-4582-aea7-e4b615bcfa45":{"Type":protestor_neutral,"X":572.6900595971669,"Y":637.3416459431032},"0cf21952-eda9-49e6-8a86-9d603ca478c4":{"Type":protestor_neutral,"X":371.15245050719847,"Y":289.2425677207311},"27ff05f8-09fb-40b2-b474-41c13d181ad1":{"Type":protestor_neutral,"X":588.8210167905546,"Y":635.1215804196669},"b6ef6ef3-5c1c-469a-b774-f47f1f108173":{"Type":protestor_neutral,"X":357.68714650169494,"Y":290.2314361549097},"0f4cd345-12d3-4646-ad46-a361139ce775":{"Type":protestor_neutral,"X":350.62422273298796,"Y":290.5721555987216},"2d573513-036d-4ae1-8b88-057cc99ab683":{"Type":protestor_agg,"X":602.9161219024492,"Y":701.5851043119166},"2b367d04-aec3-495f-99f7-483eb28e2c43":{"MaxX":425.0,"MaxY":1000.0,"Type":building,"MinX":350.0,"MinY":700.0},"66687bbe-91f0-409a-b651-ec03731a01ca":{"Type":crs,"X":500.0,"Y":500.0},"6c7f40c4-6cee-4c9a-88ca-9c08ee33a937":{"Type":protestor_neutral,"X":612.8476271475005,"Y":676.5704434167682},"3a4d4c23-a9e3-44b4-a61c-d255879e0617":{"Type":protestor_neutral,"X":314.2411350092372,"Y":362.6635988819804},"a9f53d35-501a-4512-af08-bd06d713a363":{"Type":protestor_neutral,"X":295.2018265414353,"Y":350.0},"4f8903b3-8ba6-4da7-9944-bd6ec9be025a":{"MaxX":1000.0,"MaxY":1000.0,"Type":building,"MinX":700.0,"MinY":650.0},"44aa5458-4ed2-45db-bc8e-88d80731a2e3":{"Type":protestor_neutral,"X":626.7820791646694,"Y":716.3823719721668},"7e723ba9-cf19-4924-b1dc-95a40aaefa6e":{"Type":crs,"X":425.0,"Y":600.0},"f3442b1e-842c-4069-bb71-a6aa55f4d8e3":{"MaxX":300.0,"MaxY":1000.0,"Type":building,"MinX":0.0,"MinY":700.0},"ed78f122-f801-4cdc-8152-2b56d88569f9":{"Type":protestor_agg,"X":380.3107091238324,"Y":560.6423392878647},"2137f703-4283-4958-a8aa-8e0277955131":{"Type":protestor_neutral,"X":604.4587435178681,"Y":681.6655828373824},"43263c4a-cbfc-42c0-b19d-2f8bb957b9a5":{"Type":protestor_neutral,"X":815.8182560760642,"Y":358.1155555725987},"7dc4071c-843f-4dae-b0c2-82b5ab9cbd92":{"MaxX":300.0,"MaxY":550.0,"Type":building,"MinX":0.0,"MinY":350.0},"8217cc8d-9528-4b04-a88c-4684e50c7d3b":{"MaxX":525.0,"MaxY":725.0,"Type":destroyable,"MinX":450.0,"MinY":700.0},"a28ea380-10d7-40ce-9be6-f6329a18032f":{"MaxX":1000.0,"MaxY":575.0,"Type":building,"MinX":750.0,"MinY":375.0},"ee62a10d-fed8-4f4f-aa71-dd059cafef92":{"Type":protestor_neutral,"X":606.7411552906389,"Y":655.171270002358},"59dcb14c-7455-4751-bc5e-7ed8561c6c4b":{"MaxX":325.0,"MaxY":675.0,"Type":destroyable,"MinX":300.0,"MinY":600.0}}